,age,age,age,bmi,bmi,bmi,waist_circumference,waist_circumference,waist_circumference,systolic_bp,systolic_bp,systolic_bp,diastolic_bp,diastolic_bp,diastolic_bp,hba1c,hba1c,hba1c,fasting_glucose,fasting_glucose,fasting_glucose,total_cholesterol,total_cholesterol,total_cholesterol,smoker,smoker,smoker,steps_per_week,steps_per_week,steps_per_week,active_minutes_per_week,active_minutes_per_week,active_minutes_per_week,sedentary_minutes_per_day,sedentary_minutes_per_day,sedentary_minutes_per_day,wear_days,wear_days,wear_days
,mean,std,median,mean,std,median,mean,std,median,mean,std,median,mean,std,median,mean,std,median,mean,std,median,mean,std,median,mean,std,median,mean,std,median,mean,std,median,mean,std,median,mean,std,median
diabetes,,,,,,,,,,,,,,,,,,,,,,,,,,,,,,,,,,,,,,,
0,45.0588705380927,18.03154701847066,43.0,28.111587639850825,6.661556513450815,27.1,96.15913161465402,15.841950325802094,94.8,120.20546972118629,16.693263820104992,117.66666666666666,68.7816551234239,12.30480093049518,69.33333333333333,5.416355887053809,0.39733181123765426,5.4,97.23281832711774,9.710580218539043,97.0,189.73692679002414,40.139820425522494,187.0,0.494996664442962,0.5001418189950642,0.0,68475.2746174451,26242.26798690641,68429.27777777778,8.34335227609069,20.887410098517897,0.7777777777777777,1378.8400584350238,3.3011236437943774,1379.888888888889,8.865743207245604,0.7910259010548045,9.0
1,60.73385012919896,13.658521316827992,62.0,32.287726098191214,7.6159712857944175,30.8,108.9380187416332,16.599095564194045,106.6,131.76959517657193,19.765890128483456,129.66666666666669,69.12833763996555,14.103517096877717,70.66666666666667,7.321059431524548,1.7883722213665227,6.7,153.96899224806202,57.950365252317766,135.0,184.9628647214854,46.86440217816576,180.0,0.32,0.46709936649691375,0.0,57956.038522825154,24009.913779434766,55955.277777777774,5.166232414585128,24.646278170523694,0.0,1379.2619667979163,3.520896881503366,1380.0,8.883720930232558,0.7260936647487473,9.0
