feature,univariate_auc
hba1c,0.9359386163802539
fasting_glucose,0.920583591111772
age,0.7479288242412228
waist_circumference,0.7186475435891009
systolic_bp,0.6847343884008651
bmi,0.6722963206171814
sedentary_minutes_per_day,0.6187630696077501
diastolic_bp,0.5221099216821609
wear_days,0.5030198623621454
total_cholesterol,0.4542611035592421
active_minutes_per_week,0.3810727644173519
steps_per_week,0.3725032661113245
smoker,
